goblet-squat	Goblet Squat
bodyweight-squat	Bodyweight Squat
incline-push-up	Incline Push-Up
dumbbell-bench-press	Dumbbell Bench Press
dumbbell-row	Dumbbell Row
lat-pulldown	Lat Pulldown
glute-bridge	Glute Bridge
romanian-deadlift	Romanian Deadlift
walking-lunge	Walking Lunge
shoulder-press	Shoulder Press
bicep-curl	Bicep Curl
tricep-pushdown	Tricep Pushdown
plank	Plank
dead-bug	Dead Bug
treadmill-walk	Treadmill Walk
barbell-back-squat	Barbell Back Squat
front-squat	Front Squat
leg-press	Leg Press
bulgarian-split-squat	Bulgarian Split Squat
reverse-lunge	Reverse Lunge
step-up	Step-Up
leg-extension	Leg Extension
hamstring-curl	Hamstring Curl
calf-raise	Standing Calf Raise
conventional-deadlift	Conventional Deadlift
pull-up	Pull-Up
inverted-row	Inverted Row
bent-over-row	Bent-Over Barbell Row
seated-cable-row	Seated Cable Row
face-pull	Face Pull
barbell-bench-press	Barbell Bench Press
push-up	Push-Up
dumbbell-chest-fly	Dumbbell Chest Fly
overhead-press	Overhead Barbell Press
lateral-raise	Lateral Raise
rear-delt-fly	Rear Delt Fly
arnold-press	Arnold Press
hammer-curl	Hammer Curl
preacher-curl	Preacher Curl
skullcrusher	Skullcrusher
overhead-tricep-extension	Overhead Tricep Extension
dip	Triceps Dip
hanging-knee-raise	Hanging Knee Raise
russian-twist	Russian Twist
side-plank	Side Plank
bicycle-crunch	Bicycle Crunch
mountain-climber	Mountain Climber
jump-rope	Jump Rope
kettlebell-swing	Kettlebell Swing
rowing-machine	Rowing Machine
stationary-bike	Stationary Bike
burpee	Burpee
jump-squat	Jump Squat
broad-jump	Broad Jump
skater-jump	Skater Jump
high-knees	High Knees
bibasis	Bibasis
lateral-shuffle	Lateral Shuffle
farmer-carry	Farmer Carry
single-leg-rdl	Single-Leg Romanian Deadlift
bird-dog	Bird Dog
single-leg-glute-bridge	Single-Leg Glute Bridge
cat-cow	Cat-Cow
worlds-greatest-stretch	World's Greatest Stretch
thread-the-needle	Thread the Needle
hip-flexor-stretch	Kneeling Hip Flexor Stretch
standing-hamstring-stretch	Standing Hamstring Stretch
chest-doorway-stretch	Doorway Chest Stretch
childs-pose	Child's Pose
shadow-boxing	Shadow Boxing
sit-up	Sit-Up
box-jump	Box Jump
sprint-interval	Sprint Intervals
arm-swing-circles	Arm Swings & Circles
bear-crawl	Bear Crawl
incline-dumbbell-press	Incline Dumbbell Press
cable-crossover	Cable Crossover
decline-push-up	Decline Push-Up
close-grip-bench-press	Close-Grip Bench Press
machine-chest-press	Machine Chest Press
front-raise	Front Raise
seated-dumbbell-press	Seated Dumbbell Press
cable-lateral-raise	Cable Lateral Raise
dumbbell-shrug	Dumbbell Shrug
pike-push-up	Pike Push-Up
chin-up	Chin-Up
concentration-curl	Concentration Curl
cable-curl	Cable Curl
diamond-push-up	Diamond Push-Up
overhead-cable-extension	Overhead Cable Extension
chest-supported-row	Chest-Supported Row
straight-arm-pulldown	Straight-Arm Pulldown
back-extension	Back Extension
hip-thrust	Hip Thrust
sumo-deadlift	Sumo Deadlift
hollow-hold	Hollow Hold
v-up	V-Up
jumping-jack	Jumping Jack
wall-sit	Wall Sit
boxer-slip-and-roll	Boxer Slip & Roll
chair-pose	Chair Pose
cobra-pose	Cobra Pose
crescent-lunge	Crescent Lunge
cross-body-shoulder-stretch	Cross-Body Shoulder Stretch
pilates-hundred	Pilates Hundred
roll-up	Roll-Up
single-leg-circle	Single-Leg Circle
shoulder-bridge	Shoulder Bridge
side-kick-series	Side Kick Series
swimming-exercise	Swimming
teaser-prep	Teaser Prep
spine-twist	Spine Twist
leg-pull-front	Leg Pull Front
grapevine-step	Grapevine Step
step-touch	Step Touch
dance-squat-groove	Dance Squat Groove
front-kick-step	Front Kick Step
arm-wave-reach	Arm Wave Reach
side-step-punch	Side-Step Punch
split-step-hop	Split-Step Hop
medicine-ball-rotational-throw	Medicine Ball Rotational Throw
pallof-press	Pallof Press
downward-dog	Downward Dog
dumbbell-snatch	Dumbbell Snatch
dumbbell-thruster	Dumbbell Thruster
figure-four-stretch	Figure-Four Stretch
heavy-bag-rounds	Heavy Bag Rounds
jab-cross-combo	Jab-Cross Combo
kettlebell-goblet-clean	Kettlebell Goblet Clean
kettlebell-halo	Kettlebell Halo
kettlebell-turkish-get-up	Kettlebell Turkish Get-Up
pigeon-pose	Pigeon Pose
pull-up-negative	Negative Pull-Up
sandbag-to-shoulder	Sandbag to Shoulder
scapular-pull-up	Scapular Pull-Up
standing-quad-stretch	Standing Quad Stretch
supine-twist	Supine Twist
wall-ball-shot	Wall Ball Shot
wall-handstand-hold	Wall Handstand Hold
warrior-three	Warrior Three
warrior-two	Warrior Two
a-skip	A-Skip
butt-kick	Butt Kick
flying-sprint	Flying Sprint
hill-sprint	Hill Sprint
carioca	Carioca
wall-acceleration-drill	Wall Acceleration Drill
depth-jump	Depth Jump
tuck-jump	Tuck Jump
alternating-bound	Alternating Bound
pogo-hop	Pogo Hop
split-squat-jump	Split Squat Jump
seated-box-jump	Seated Box Jump
approach-jump	Approach Jump
pro-agility-shuttle	Pro Agility Shuttle
t-drill	T-Drill
agility-ladder-quick-feet	Agility Ladder Quick Feet
medicine-ball-slam	Medicine Ball Slam
medicine-ball-chest-pass	Medicine Ball Chest Pass
medicine-ball-overhead-throw	Medicine Ball Overhead Throw
medicine-ball-scoop-toss	Medicine Ball Scoop Toss
sled-push	Sled Push
backward-sled-drag	Backward Sled Drag
double-under	Double Under
jump-rope-boxer-step	Jump Rope Boxer Step
flutter-kick	Flutter Kick
band-pull-apart	Band Pull-Apart
superman-hold	Superman Hold
sprawl	Sprawl
crab-walk	Crab Walk
hip-escape	Hip Escape
neck-isometric-hold	Neck Isometric Hold
lateral-bear-crawl	Lateral Bear Crawl
lateral-lunge	Lateral Lunge
nordic-hamstring-curl	Nordic Hamstring Curl
copenhagen-plank	Copenhagen Plank
hang-power-clean	Hang Power Clean
push-press	Push Press
suitcase-carry	Suitcase Carry
overhead-carry	Overhead Carry
front-rack-carry	Front Rack Carry
wall-push-up	Wall Push-Up
landmine-press	Landmine Press
kettlebell-deadlift	Kettlebell Deadlift
bench-dip	Bench Dip
band-row	Band Row
trap-bar-deadlift	Trap Bar Deadlift
cable-woodchop	Cable Woodchop
landmine-rotation	Landmine Rotation
ninety-ninety-hip-switch	90/90 Hip Switch
standing-calf-stretch	Standing Calf Stretch
wall-slide	Wall Slide
lateral-step-down	Lateral Step-Down
dumbbell-pullover	Dumbbell Pullover
